{"cameraMode":{"drawMode":0,"name":"Shaded","section":"Shading Mode"},"sceneLighting":true,"audioPlay":false,"sceneViewState":{"showFog":true,"showMaterialUpdate":false,"showSkybox":true,"showFlares":true,"showImageEffects":true,"showParticleSystems":true},"in2DMode":false,"pivot":{"x":0.38936153054237368,"y":0.8176133632659912,"z":-2.1323821544647219},"rotation":{"x":-0.13952773809432984,"y":0.7552385330200195,"z":-0.1707184910774231,"w":-0.6172539591789246},"size":5.107395172119141,"orthographic":false}