{"cameraMode":{"drawMode":0,"name":"Shaded","section":"Shading Mode"},"sceneLighting":false,"audioPlay":false,"sceneViewState":{"showFog":true,"showMaterialUpdate":false,"showSkybox":true,"showFlares":true,"showImageEffects":true,"showParticleSystems":true},"in2DMode":false,"pivot":{"x":-0.6574945449829102,"y":-1.4908745288848878,"z":4.017330646514893},"rotation":{"x":-0.1192113608121872,"y":0.4976939558982849,"z":-0.069259874522686,"w":-0.8563427925109863},"size":4.3451828956604,"orthographic":false}