{"cameraMode":{"drawMode":0,"name":"Shaded","section":"Shading Mode"},"sceneLighting":true,"audioPlay":false,"sceneViewState":{"showFog":true,"showMaterialUpdate":false,"showSkybox":true,"showFlares":true,"showImageEffects":true,"showParticleSystems":true},"in2DMode":false,"pivot":{"x":-0.4969491958618164,"y":2.3210906982421877,"z":0.6119030714035034},"rotation":{"x":-0.1281341016292572,"y":0.7625772356987,"z":-0.15919990837574006,"w":-0.6137703061103821},"size":4.020729064941406,"orthographic":false}